"STUDY (ASN)","PRIOR ASN","STATUS","DETERMINATION","ENTERED DATE","RECEIVED DATE","COMPLETION DATE","EXPIRATION DATE","LATITUDE","LONGITUDE","HORIZONTAL DATUM","SURVEY_ACCURACY","MARKING LIGHTING TYPE","MARKING LIGHTING TYPE OTHER","STRUCTURE NAME","STRUCTURE CITY","STRUCTURE COUNTY NAME","STRUCTURE COUNTY ID","STRUCTURE STATE","NEAREST AIRPORT","DISTANCE FROM AIRPORT","DIRECTION FROM AIRPORT","ON AIRPORT","PROPOSAL DESCRIPTION","LOCATION DESCRIPTION","NOTICE OF","DURATION","DURATION DAYS","DURATION MONTHS","WORK SCHEDULE BEGINNING DATE","WORK SCHEDULE ENDING DATE","DATE BUILT","FCC NUMBER","STRUCTURE TYPE","STRUCTURE TYPE OTHER","AGL HEIGHT DET","AGL HEIGHT DNE","AGL HEIGHT PROPOSED","ELEVATION","AMSL HEIGHT DET","AMSL HEIGHT DNE","AMSL HEIGHT PROPOSED","REPRESENTATIVE NAME ","SPONSOR NAME ","SIGNATURE CONTROL NUMBER ","FREQUENCY_JSON ","DATA_SOURCE"
"11/058","","Active NOTAM","Obstruction","2025-11-13","","","2027-11-15","26 - 42 - 04.63 N","80 - 03 - 05.16 W","","","","","","","","","","PBI (Palm Beach Intl)","","","","","OBST CRANE (ASN 2024-ASO-14689-OE) 264205N0800305W (2.7NM ENE PBI) 462FT (450FT AGL) FLAGGED AND LGT","Temporary Obstruction","Temporary","","","2024-11-15","2027-11-15","","","CRANE","","450","","","","","","","","","","","NOTAM"
"10/081","","Active NOTAM","Obstruction","2025-11-13","","","2027-10-29","26 - 42 - 03.81 N","80 - 03 - 07.75 W","","","","","","","","","","PBI (Palm Beach Intl)","","","","","OBST CRANE (ASN 2024-ASO-14688-OE) 264204N0800308W (2.6NM ENE PBI) 472FT (460FT AGL) FLAGGED AND LGT","Temporary Obstruction","Temporary","","","2024-10-24","2027-10-29","","","CRANE","","460","","","","","","","","","","","NOTAM"
"09/025","","Active NOTAM","Obstruction","2025-11-13","","","2028-12-29","27 - 56 - 45.23 N","82 - 27 - 42.82 W","","","","","","","","","","TPF (Peter O Knight)","","","","","OBST CRANE (ASN 2023-ASO-31135-OE) 275645N0822743W (1.9NM NNW TPF) 595FT (583FT AGL) FLAGGED AND LGT","Temporary Obstruction","Temporary","","","2025-09-30","2028-12-29","","","CRANE","","583","","","","","","","","","","","NOTAM"
"05/019","","Active NOTAM","Obstruction","2025-11-13","","","2028-12-31","29 - 57 - 02.88 N","94 - 01 - 14.52 W","","","","","","","","","","BPT (Jack Brooks Rgnl)","","","","","OBST CRANE (ASN UNKNOWN) 295943N0940206W (2.3NM N BPT) 
UNKNOWN (203FT AGL) FLAGGED 2505141443-2812","Temporary Obstruction","Temporary","","","2025-05-14","2028-12-31","","","CRANE","","203","","","","","","","","","","","NOTAM"
"07/126","","Active NOTAM","Obstruction","2025-11-13","","","2026-08-07","34 - 25 - 15.90 N","119 - 51 - 07.84 W","","","","","","","","","","SBA (Santa Barbara Muni)","","","","","OBST CRANE (ASN 2025-AWP-3652-OE) 342516N1195108W (0.6NM WSW SBA) 192FT (174FT AGL) FLAGGED AND LGTD","Temporary Obstruction","Temporary","","","2025-08-07","2026-08-07","","","CRANE","","174","","","","","","","","","","","NOTAM"
"07/118","","Active NOTAM","Obstruction","2025-11-13","","","2026-07-06","34 - 25 - 13.75 N","119 - 51 - 08.93 W","","","","","","","","","","SBA (Santa Barbara Muni)","","","","","OBST CRANE (ASN 2025-AWP-3651-OE) 342514N1195109W (0.6NM WSW SBA) 300FT (282FT AGL) FLAGGED AND LGTD","Temporary Obstruction","Temporary","","","2025-08-05","2026-07-06","","","CRANE","","282","","","","","","","","","","","NOTAM"
"09/175","","Active NOTAM","Obstruction","2025-11-13","","","2026-05-15","34 - 25 - 16.16 N","119 - 51 - 11.35 W","","","","","","","","","","SBA (Santa Barbara Muni)","","","","","OBST CRANE (ASN 2025-AWP-3650-OE) 342516N1195111W (0.6NM WSW SBA) 250FT (230FT AGL) FLAGGED AND LGTD","Temporary Obstruction","Temporary","","","2025-09-30","2026-05-15","","","CRANE","","230","","","","","","","","","","","NOTAM"
"09/122","","Active NOTAM","Obstruction","2025-11-13","","","2027-03-05","37 - 37 - 20.82 N","122 - 23 - 48.66 W","","","","","","","","","","SFO (San Francisco Intl)","","","","","OBST CRANE (ASN 2025-AWP-3454-NRA) 373721N1222349W (1.0NM WNW SFO) 161FT (150FT AGL) FLAGGED AND LGT","Temporary Obstruction","Temporary","","","2025-09-15","2027-03-05","","","CRANE","","150","","","","","","","","","","","NOTAM"
"10/155","","Active NOTAM","Obstruction","2025-11-13","","","2027-02-21","37 - 37 - 01.50 N","122 - 23 - 20.80 W","","","","","","","","","","SFO (San Francisco Intl)","","","","","OBST CRANE (ASN 2025-AWP-3457-NRA) 373702N1222321W (0.7NM W SFO) 160FT (150FT AGL) FLAGGED AND LGTD ","Temporary Obstruction","Temporary","","","2025-10-21","2027-02-21","","","CRANE","","150","","","","","","","","","","","NOTAM"
"07/074","","Active NOTAM","Obstruction","2025-11-13","","","2026-11-14","37 - 37 - 09.38 N","122 - 23 - 15.60 W","","","","","","","","","","SFO (San Francisco Intl)","","","","","OBST CRANE (ASN 2025-AWP-2417-NRA) 373709N1222316W (0.6NM W SFO) 199FT (190FT AGL) FLAGGED AND LGTD ","Temporary Obstruction","Temporary","","","2025-07-09","2026-11-14","","","CRANE","","190","","","","","","","","","","","NOTAM"
"07/075","","Active NOTAM","Obstruction","2025-11-13","","","2026-11-14","37 - 37 - 07.20 N","122 - 23 - 10.26 W","","","","","","","","","","SFO (San Francisco Intl)","","","","","OBST CRANE (ASN 2025-AWP-2418-NRA) 373707N1222310W (0.5NM W SFO) 199FT (190FT AGL) FLAGGED AND LGTD ","Temporary Obstruction","Temporary","","","2025-07-09","2026-11-14","","","CRANE","","190","","","","","","","","","","","NOTAM"
"07/076","","Active NOTAM","Obstruction","2025-11-13","","","2026-11-14","37 - 37 - 05.43 N","122 - 23 - 18.44 W","","","","","","","","","","SFO (San Francisco Intl)","","","","","OBST CRANE (ASN 2025-AWP-2419-NRA) 373705N1222318W (0.6NM W SFO) 199FT (190FT AGL) FLAGGED AND LGTD ","Temporary Obstruction","Temporary","","","2025-07-09","2026-11-14","","","CRANE","","190","","","","","","","","","","","NOTAM"
"07/077","","Active NOTAM","Obstruction","2025-11-13","","","2026-11-14","37 - 37 - 03.11 N","122 - 23 - 13.20 W","","","","","","","","","","SFO (San Francisco Intl)","","","","","OBST CRANE (ASN 2025-AWP-2420-NRA) 373703N1222313W (0.6NM W SFO) 199FT (190FT AGL) FLAGGED AND LGTD ","Temporary Obstruction","Temporary","","","2025-07-09","2026-11-14","","","CRANE","","190","","","","","","","","","","","NOTAM"
"05/105","","Active NOTAM","Obstruction","2025-11-13","","","2027-07-31","43 - 32 - 49.00 N","83 - 53 - 43.70 W","","","","","","","","","","3CM (James Clements Muni)","","","","","OBST CRANE (ASN UNKNOWN) 433447N0835359W (1.98NM N APCH END RWY 18) 
 809FT (232FT AGL) FLAGGED AND","Temporary Obstruction","Temporary","","","2025-05-08","2027-07-31","","","CRANE","","232","","","","","","","","","","","NOTAM"
"09/745","","Active NOTAM","Obstruction","2025-11-13","","","2026-06-27","39 - 49 - 57.73 N","104 - 43 - 07.73 W","","","","","","","","","","DEN (Denver Intl)","","","","","OBST CRANE (ASN 2025-ANM-3156-NRA) 394958N1044308W (2.7NM SW DEN) 5431FT (86FT AGL) FLAGGED AND LGTD","Temporary Obstruction","Temporary","","","2025-10-01","2026-06-27","","","CRANE","","86","","","","","","","","","","","NOTAM"
"12/055","","Active NOTAM","Obstruction","2025-11-13","","","2027-01-01","33 - 56 - 33.00 N","118 - 24 - 25.92 W","","","","","","","","","","LAX (Los Angeles Intl)","","","","","OBST CRANE (ASN 2024-AWP-7597-NRA) 335632N1182427W (0.1NM SE LAX) 287FT (167FT AGL) FLAGGED AND LGTD","Temporary Obstruction","Temporary","","","2024-12-09","2027-01-01","","","CRANE","","167","","","","","","","","","","","NOTAM"
"12/054","","Active NOTAM","Obstruction","2025-11-13","","","2027-01-01","33 - 56 - 33.00 N","118 - 24 - 25.92 W","","","","","","","","","","LAX (Los Angeles Intl)","","","","","OBST CRANE (ASN 2024-AWP-7598-NRA) 335632N1182427W (0.1NM SE LAX) 287FT (167FT AGL) FLAGGED AND LGTD","Temporary Obstruction","Temporary","","","2024-12-09","2027-01-01","","","CRANE","","167","","","","","","","","","","","NOTAM"
"12/053","","Active NOTAM","Obstruction","2025-11-13","","","2027-01-01","33 - 56 - 33.00 N","118 - 24 - 25.92 W","","","","","","","","","","LAX (Los Angeles Intl)","","","","","OBST CRANE (ASN 2024-AWP-7599-NRA) 335627N1182426W (0.1NM SE LAX) 287FT (167FT AGL) FLAGGED AND LGTD","Temporary Obstruction","Temporary","","","2024-12-09","2027-01-01","","","CRANE","","167","","","","","","","","","","","NOTAM"
"12/052","","Active NOTAM","Obstruction","2025-11-13","","","2027-01-01","33 - 56 - 33.00 N","118 - 24 - 25.92 W","","","","","","","","","","LAX (Los Angeles Intl)","","","","","OBST CRANE (ASN 2024-AWP-7600-NRA) 335628N1182420W (0.1NM SE LAX) 287FT (167FT AGL) FLAGGED AND LGTD","Temporary Obstruction","Temporary","","","2024-12-09","2027-01-01","","","CRANE","","167","","","","","","","","","","","NOTAM"
"11/180","","Active NOTAM","Obstruction","2025-11-13","","","2026-02-28","33 - 56 - 33.00 N","118 - 24 - 25.92 W","","","","","","","","","","LAX (Los Angeles Intl)","","","","","OBST CRANE (ASN 2025-AWP-2996-NRA) 335626N1182426W (0.1NM SSE LAX) 188FT (65FT AGL) FLAGGED AND LGTD","Temporary Obstruction","Temporary","","","2025-11-11","2026-02-28","","","CRANE","","65","","","","","","","","","","","NOTAM"
"11/181","","Active NOTAM","Obstruction","2025-11-13","","","2026-02-28","33 - 56 - 33.00 N","118 - 24 - 25.92 W","","","","","","","","","","LAX (Los Angeles Intl)","","","","","OBST CRANE (ASN 2025-AWP-2997-NRA) 335628N1182423W (0.1NM SE LAX) 188FT (65FT AGL) FLAGGED AND LGTD ","Temporary Obstruction","Temporary","","","2025-11-11","2026-02-28","","","CRANE","","65","","","","","","","","","","","NOTAM"
"11/182","","Active NOTAM","Obstruction","2025-11-13","","","2026-02-28","33 - 56 - 33.00 N","118 - 24 - 25.92 W","","","","","","","","","","LAX (Los Angeles Intl)","","","","","OBST CRANE (ASN 2025-AWP-2998-NRA) 335624N1182426W (0.1NM SSE LAX) 188FT (65FT AGL) FLAGGED AND LGTD","Temporary Obstruction","Temporary","","","2025-11-11","2026-02-28","","","CRANE","","65","","","","","","","","","","","NOTAM"
"11/183","","Active NOTAM","Obstruction","2025-11-13","","","2026-02-28","33 - 56 - 33.00 N","118 - 24 - 25.92 W","","","","","","","","","","LAX (Los Angeles Intl)","","","","","OBST CRANE (ASN 2025-AWP-3000-NRA) 335625N1182422W (0.2NM SE LAX) 188FT (65FT AGL) FLAGGED AND LGTD ","Temporary Obstruction","Temporary","","","2025-11-11","2026-02-28","","","CRANE","","65","","","","","","","","","","","NOTAM"
"10/331","","Active NOTAM","Obstruction","2025-11-13","","","2025-11-30","33 - 56 - 57.61 N","118 - 23 - 29.96 W","","","","","","","","","","LAX (Los Angeles Intl)","","","","","OBST CRANE (ASN 2025-AWP-3134-NRA) 335658N1182330W (0.9NM ENE LAX) 174FT (70FT AGL) FLAGGED AND LGTD","Temporary Obstruction","Temporary","","","2025-11-03","2025-11-30","","","CRANE","","70","","","","","","","","","","","NOTAM"
"10/185","","Active NOTAM","Obstruction","2025-11-13","","","2026-08-20","37 - 38 - 11.87 N","122 - 23 - 04.47 W","","","","","","","","","","SFO (San Francisco Intl)","","","","","OBST CRANE (ASN 2025-AWP-152-NRA) 373812N1222304W (1.2NM NNW SFO) 150FT (140FT AGL) FLAGGED 25102815","Temporary Obstruction","Temporary","","","2025-10-28","2026-08-20","","","CRANE","","140","","","","","","","","","","","NOTAM"
"10/186","","Active NOTAM","Obstruction","2025-11-13","","","2026-08-20","37 - 38 - 14.40 N","122 - 22 - 59.26 W","","","","","","","","","","SFO (San Francisco Intl)","","","","","OBST CRANE (ASN 2025-AWP-153-NRA) 373814N1222259W (1.2NM NNW SFO) 150FT (140FT AGL) FLAGGED 25102815","Temporary Obstruction","Temporary","","","2025-10-28","2026-08-20","","","CRANE","","140","","","","","","","","","","","NOTAM"
"03/072","","Active NOTAM","Obstruction","2025-11-13","","","2026-08-08","37 - 37 - 25.09 N","122 - 23 - 56.94 W","","","","","","","","","","SFO (San Francisco Intl)","","","","","OBST CRANE (ASN 2024-AWP-8552-NRA) 373725N1222357W (1.2NM WNW SFO) 34FT (25FT AGL) FLAGGED 250307172","Temporary Obstruction","Temporary","","","2025-03-07","2026-08-08","","","CRANE","","25","","","","","","","","","","","NOTAM"
"03/073","","Active NOTAM","Obstruction","2025-11-13","","","2026-08-08","37 - 37 - 23.82 N","122 - 23 - 57.68 W","","","","","","","","","","SFO (San Francisco Intl)","","","","","OBST CRANE (ASN 2024-AWP-8553-NRA) 373724N1222358W (1.2NM WNW SFO) 121FT (110FT AGL) FLAGGED 2503071","Temporary Obstruction","Temporary","","","2025-03-07","2026-08-08","","","CRANE","","110","","","","","","","","","","","NOTAM"
"03/074","","Active NOTAM","Obstruction","2025-11-13","","","2026-08-08","37 - 37 - 24.06 N","122 - 23 - 56.49 W","","","","","","","","","","SFO (San Francisco Intl)","","","","","OBST CRANE (ASN 2024-AWP-8554-NRA) 373724N1222356W (1.2NM WNW SFO) 121FT (110FT AGL) FLAGGED 2503071","Temporary Obstruction","Temporary","","","2025-03-07","2026-08-08","","","CRANE","","110","","","","","","","","","","","NOTAM"
"03/075","","Active NOTAM","Obstruction","2025-11-13","","","2026-08-08","37 - 37 - 24.86 N","122 - 23 - 58.15 W","","","","","","","","","","SFO (San Francisco Intl)","","","","","OBST CRANE (ASN 2024-AWP-8555-NRA) 373725N1222358W (1.2NM WNW SFO) 121FT (110FT AGL) FLAGGED 2503071","Temporary Obstruction","Temporary","","","2025-03-07","2026-08-08","","","CRANE","","110","","","","","","","","","","","NOTAM"
"04/151","","Active NOTAM","Obstruction","2025-11-13","","","2026-07-30","37 - 38 - 15.53 N","122 - 23 - 02.47 W","","","","","","","","","","SFO (San Francisco Intl)","","","","","OBST CRANE (ASN 2024-AWP-8205-NRA) 373816N1222302W (1.2NM NNW SFO) 137FT (126FT AGL) FLAGGED 2504151","Temporary Obstruction","Temporary","","","2025-04-15","2026-07-30","","","CRANE","","126","","","","","","","","","","","NOTAM"
"10/300","","Active NOTAM","Obstruction","2025-11-13","","","2026-01-28","36 - 05 - 59.17 N","115 - 10 - 15.95 W","","","","","","","","","","LAS (Harry Reid Intl)","","","","","OBST CRANE (ASN 2025-AWP-5047-OE) 360559N1151016W (1.5NM NW LAS) 2530FT (416FT AGL) FLAGGED AND LGTD","Temporary Obstruction","Temporary","","","2025-10-28","2026-01-28","","","CRANE","","416","","","","","","","","","","","NOTAM"
"10/302","","Active NOTAM","Obstruction","2025-11-13","","","2026-01-28","36 - 05 - 09.36 N","115 - 09 - 10.28 W","","","","","","","","","","LAS (Harry Reid Intl)","","","","","OBST CRANE (ASN 2024-AWP-7792-NRA) 360509N1150910W (0.4NM N LAS) 2244FT (140FT AGL) FLAGGED AND LGTD","Temporary Obstruction","Temporary","","","2025-10-28","2026-01-28","","","CRANE","","140","","","","","","","","","","","NOTAM"
"10/303","","Active NOTAM","Obstruction","2025-11-13","","","2026-01-28","36 - 04 - 51.33 N","115 - 08 - 50.05 W","","","","","","","","","","LAS (Harry Reid Intl)","","","","","OBST CRANE (ASN 2024-AWP-7796-NRA) 360451N1150850W (0.2NM ENE LAS) 2266FT (170FT AGL) FLAGGED AND LG","Temporary Obstruction","Temporary","","","2025-10-28","2026-01-28","","","CRANE","","170","","","","","","","","","","","NOTAM"
"10/304","","Active NOTAM","Obstruction","2025-11-13","","","2026-01-28","36 - 04 - 48.36 N","115 - 09 - 08.28 W","","","","","","","","","","LAS (Harry Reid Intl)","","","","","OBST CRANE (ASN UNKNOWN) 360502N1150748W (1.1NM ENE LAS) 
 2180FT (140FT AGL) FLAGGED AND LGTD 2510","Temporary Obstruction","Temporary","","","2025-10-28","2026-01-28","","","CRANE","","140","","","","","","","","","","","NOTAM"
"10/305","","Active NOTAM","Obstruction","2025-11-13","","","2026-01-28","36 - 05 - 11.50 N","115 - 10 - 13.27 W","","","","","","","","","","LAS (Harry Reid Intl)","","","","","OBST CRANE (ASN 2024-AWP-5074-NRA) 360512N1151013W (1.0NM WNW LAS) 2302FT (150FT AGL) FLAGGED AND LG","Temporary Obstruction","Temporary","","","2025-10-28","2026-01-28","","","CRANE","","150","","","","","","","","","","","NOTAM"
"10/306","","Active NOTAM","Obstruction","2025-11-13","","","2026-01-28","36 - 05 - 10.08 N","115 - 10 - 11.96 W","","","","","","","","","","LAS (Harry Reid Intl)","","","","","OBST CRANE (ASN 2024-AWP-5078-NRA) 360510N1151012W (0.9NM WNW LAS) 2427FT (275FT AGL) FLAGGED AND LG","Temporary Obstruction","Temporary","","","2025-10-28","2026-01-28","","","CRANE","","275","","","","","","","","","","","NOTAM"
"10/307","","Active NOTAM","Obstruction","2025-11-13","","","2026-01-28","36 - 05 - 07.66 N","115 - 10 - 10.52 W","","","","","","","","","","LAS (Harry Reid Intl)","","","","","OBST CRANE (ASN 2024-AWP-5082-NRA) 360508N1151011W (0.9NM WNW LAS) 2429FT (275FT AGL) FLAGGED AND LG","Temporary Obstruction","Temporary","","","2025-10-28","2026-01-28","","","CRANE","","275","","","","","","","","","","","NOTAM"
"10/309","","Active NOTAM","Obstruction","2025-11-13","","","2026-01-28","36 - 04 - 48.36 N","115 - 09 - 08.28 W","","","","","","","","","","LAS (Harry Reid Intl)","","","","","OBST CRANE (ASN UNKNOWN) 360616N1150903W (0.4NM NNE APCH END RWY 19L) 
UNKNOWN (79FT AGL) FLAGGED A","Temporary Obstruction","Temporary","","","2025-10-28","2026-01-28","","","CRANE","","79","","","","","","","","","","","NOTAM"
"12/051","","Active NOTAM","Obstruction","2025-11-13","","","2026-01-01","33 - 26 - 04.95 N","112 - 01 - 03.18 W","","","","","","","","","","PHX (Phoenix Sky Harbor Intl)","","","","","OBST CRANE (ASN 2024-AWP-6628-NRA) 332605N1120103W (0.3NM W PHX) 1326FT (210FT AGL) FLAGGED AND LGTD","Temporary Obstruction","Temporary","","","2025-01-01","2026-01-01","","","CRANE","","210","","","","","","","","","","","NOTAM"
"02/067","","Active NOTAM","Obstruction","2025-11-13","","","2026-01-01","33 - 27 - 14.24 N","112 - 03 - 57.26 W","","","","","","","","","","PHX (Phoenix Sky Harbor Intl)","","","","","OBST CRANE (ASN 2024-AWP-11809-OE) 332714N1120357W (3.0NM WNW PHX) 1344FT (255FT AGL) FLAGGED AND LG","Temporary Obstruction","Temporary","","","2025-02-21","2026-01-01","","","CRANE","","255","","","","","","","","","","","NOTAM"
"08/078","","Active NOTAM","Obstruction","2025-11-13","","","2026-01-01","33 - 26 - 03.48 N","112 - 00 - 41.76 W","","","","","","","","","","PHX (Phoenix Sky Harbor Intl)","","","","","OBST CRANE (ASN UNKNOWN) 332619N1120019W (.67NM NW APCH END RWY 26) 
 1349FT (225FT AGL) FLAGGED AN","Temporary Obstruction","Temporary","","","2025-08-19","2026-01-01","","","CRANE","","225","","","","","","","","","","","NOTAM"
"08/130","","Active NOTAM","Obstruction","2025-11-13","","","2026-01-01","33 - 26 - 00.00 N","111 - 59 - 25.00 W","","","","","","","","","","PHX (Phoenix Sky Harbor Intl)","","","","","OBST CRANE (ASN 2024-AWP-7042-NRA) 332600N1115925W (1.1NM E PHX) 1281FT (150FT AGL) FLAGGED AND LGTD","Temporary Obstruction","Temporary","","","2025-08-30","2026-01-01","","","CRANE","","150","","","","","","","","","","","NOTAM"
"10/050","","Active NOTAM","Obstruction","2025-11-13","","","2026-01-01","33 - 26 - 12.57 N","111 - 59 - 56.45 W","","","","","","","","","","PHX (Phoenix Sky Harbor Intl)","","","","","OBST CRANE (ASN 2025-AWP-2740-NRA) 332613N1115956W (0.6NM ENE PHX) 1300FT (165FT AGL) FLAGGED AND LG","Temporary Obstruction","Temporary","","","2025-10-13","2026-01-01","","","CRANE","","165","","","","","","","","","","","NOTAM"
"10/148","","Active NOTAM","Obstruction","2025-11-13","","","2027-03-15","25 - 47 - 35.88 N","80 - 17 - 26.16 W","","","","","","","","","","MIA (Miami Intl)","","","","","OBST CRANE (ASN UNKNOWN) 254554N0801155W (4.46NM ESE APCH END RWY 30) 
 450FT (437FT AGL) FLAGGED A","Temporary Obstruction","Temporary","","","2025-10-10","2027-03-15","","","CRANE","","437","","","","","","","","","","","NOTAM"
"10/149","","Active NOTAM","Obstruction","2025-11-13","","","2027-03-15","25 - 47 - 35.88 N","80 - 17 - 26.16 W","","","","","","","","","","MIA (Miami Intl)","","","","","OBST CRANE (ASN UNKNOWN) 254555N0801156W (4.46NM ESE APCH END RWY 30) 
 446FT (437FT AGL) FLAGGED A","Temporary Obstruction","Temporary","","","2025-10-10","2027-03-15","","","CRANE","","437","","","","","","","","","","","NOTAM"
"09/227","","Active NOTAM","Obstruction","2025-11-13","","","2026-12-24","25 - 47 - 35.88 N","80 - 17 - 26.16 W","","","","","","","","","","MIA (Miami Intl)","","","","","OBST CRANE (ASN UNKNOWN) 254535N0801135W (4.77NM ESE APCH END RWY 27) 
 1010FT (1001FT AGL) FLAGGED","Temporary Obstruction","Temporary","","","2025-09-12","2026-12-24","","","CRANE","","1001","","","","","","","","","","","NOTAM"
"09/228","","Active NOTAM","Obstruction","2025-11-13","","","2026-12-24","25 - 47 - 35.88 N","80 - 17 - 26.16 W","","","","","","","","","","MIA (Miami Intl)","","","","","OBST CRANE (ASN UNKNOWN) 254534N0801134W (4.77NM ESE APCH END RWY 27) 
 1010FT (1001FT AGL) FLAGGED","Temporary Obstruction","Temporary","","","2025-09-12","2026-12-24","","","CRANE","","1001","","","","","","","","","","","NOTAM"
"07/030","","Active NOTAM","Obstruction","2025-11-13","","","2026-10-31","25 - 47 - 43.00 N","80 - 22 - 55.00 W","","","","","","","","","","MIA (Miami Intl)","","","","","OBST CRANE (ASN 2025-ASO-9416-OE) 254743N0802255W (5.0NM W MIA) 317FT (307FT AGL) FLAGGED AND LGTD 2","Temporary Obstruction","Temporary","","","2025-07-02","2026-10-31","","","CRANE","","307","","","","","","","","","","","NOTAM"
"07/031","","Active NOTAM","Obstruction","2025-11-13","","","2026-10-31","25 - 47 - 43.00 N","80 - 22 - 58.00 W","","","","","","","","","","MIA (Miami Intl)","","","","","OBST CRANE (ASN 2025-ASO-9417-OE) 254743N0802258W (5.1NM W MIA) 255FT (247FT AGL) FLAGGED AND LGTD 2","Temporary Obstruction","Temporary","","","2025-07-02","2026-10-31","","","CRANE","","247","","","","","","","","","","","NOTAM"
"09/465","","Active NOTAM","Obstruction","2025-11-13","","","2026-10-25","25 - 47 - 35.88 N","80 - 17 - 26.16 W","","","","","","","","","","MIA (Miami Intl)","","","","","OBST CRANE (ASN UNKNOWN) 254832N0800723W (7.97NM E APCH END RWY 26L) 
 348FT (342FT AGL) FLAGGED AN","Temporary Obstruction","Temporary","","","2025-10-01","2026-10-25","","","CRANE","","342","","","","","","","","","","","NOTAM"
"03/264","","Active NOTAM","Obstruction","2025-11-13","","","2026-09-30","25 - 47 - 35.88 N","80 - 17 - 26.16 W","","","","","","","","","","MIA (Miami Intl)","","","","","OBST CRANE (ASN UNKNOWN) 254830N0801109W (4.6NM E APCH END RWY 26L) 
 761FT (759FT AGL) FLAGGED AND","Temporary Obstruction","Temporary","","","2025-03-18","2026-09-30","","","CRANE","","759","","","","","","","","","","","NOTAM"
"03/382","","Active NOTAM","Obstruction","2025-11-13","","","2026-09-24","25 - 47 - 35.88 N","80 - 17 - 26.16 W","","","","","","","","","","MIA (Miami Intl)","","","","","OBST CRANE (ASN UNKNOWN) 254718N0801122W (4.40NM E APCH END RWY 26L) 
 705FT (698FT AGL) FLAGGED AN","Temporary Obstruction","Temporary","","","2025-03-26","2026-09-24","","","CRANE","","698","","","","","","","","","","","NOTAM"
"03/383","","Active NOTAM","Obstruction","2025-11-13","","","2026-09-24","25 - 47 - 35.88 N","80 - 17 - 26.16 W","","","","","","","","","","MIA (Miami Intl)","","","","","OBST CRANE (ASN UNKNOWN) 254720N0801121W (4.40NM E APCH END RWY 26R) 
 745FT (738FT AGL) FLAGGED AN","Temporary Obstruction","Temporary","","","2025-03-26","2026-09-24","","","CRANE","","738","","","","","","","","","","","NOTAM"
"05/314","","Active NOTAM","Obstruction","2025-11-13","","","2026-09-24","25 - 47 - 35.88 N","80 - 17 - 26.16 W","","","","","","","","","","MIA (Miami Intl)","","","","","OBST CRANE (ASN UNKNOWN) 254702N0801128W (4.55NM E APCH END RWY 27) 
 828FT (820FT AGL) FLAGGED AND","Temporary Obstruction","Temporary","","","2025-06-01","2026-09-24","","","CRANE","","820","","","","","","","","","","","NOTAM"
"05/313","","Active NOTAM","Obstruction","2025-11-13","","","2026-09-24","25 - 47 - 35.88 N","80 - 17 - 26.16 W","","","","","","","","","","MIA (Miami Intl)","","","","","OBST CRANE (ASN UNKNOWN) 254704N0801127W (4.57NM E APCH END RWY 27) 
 785FT (777FT AGL) FLAGGED AND","Temporary Obstruction","Temporary","","","2025-06-01","2026-09-24","","","CRANE","","777","","","","","","","","","","","NOTAM"
"04/449","","Active NOTAM","Obstruction","2025-11-13","","","2026-09-19","25 - 47 - 35.88 N","80 - 17 - 26.16 W","","","","","","","","","","MIA (Miami Intl)","","","","","OBST CRANE (ASN UNKNOWN) 254647N0801137W (4.49NM E APCH END RWY 27) 
 957FT (944FT AGL) FLAGGED AND","Temporary Obstruction","Temporary","","","2025-04-28","2026-09-19","","","CRANE","","944","","","","","","","","","","","NOTAM"
"04/450","","Active NOTAM","Obstruction","2025-11-13","","","2026-09-19","25 - 47 - 35.88 N","80 - 17 - 26.16 W","","","","","","","","","","MIA (Miami Intl)","","","","","OBST CRANE (ASN UNKNOWN) 254647N0801136W (4.49NM E APCH END RWY 27) 
 916FT (903FT AGL) FLAGGED AND","Temporary Obstruction","Temporary","","","2025-04-28","2026-09-19","","","CRANE","","903","","","","","","","","","","","NOTAM"
"03/098","","Active NOTAM","Obstruction","2025-11-13","","","2026-08-28","25 - 47 - 35.88 N","80 - 17 - 26.16 W","","","","","","","","","","MIA (Miami Intl)","","","","","OBST CRANE (ASN UNKNOWN) 254718N0801122W (4.64NM E MIA) 
 674FT (671FT AGL) FLAGGED AND LGTD 250307","Temporary Obstruction","Temporary","","","2025-03-07","2026-08-28","","","CRANE","","671","","","","","","","","","","","NOTAM"
"03/100","","Active NOTAM","Obstruction","2025-11-13","","","2026-08-28","25 - 47 - 35.88 N","80 - 17 - 26.16 W","","","","","","","","","","MIA (Miami Intl)","","","","","OBST CRANE (ASN UNKNOWN) 254720N0801121W (4.64NM E MIA) 
 714FT (711FT AGL) FLAGGED AND LGTD 250307","Temporary Obstruction","Temporary","","","2025-03-07","2026-08-28","","","CRANE","","711","","","","","","","","","","","NOTAM"
"04/192","","Active NOTAM","Obstruction","2025-11-13","","","2026-08-08","25 - 47 - 35.88 N","80 - 17 - 26.16 W","","","","","","","","","","MIA (Miami Intl)","","","","","OBST CRANE (ASN UNKNOWN) 254830N0801109W (4.54NM E APCH END RWY 26L) 
 549FT (545FT AGL) FLAGGED AN","Temporary Obstruction","Temporary","","","2025-04-10","2026-08-08","","","CRANE","","545","","","","","","","","","","","NOTAM"
"04/196","","Active NOTAM","Obstruction","2025-11-13","","","2026-08-08","25 - 47 - 35.88 N","80 - 17 - 26.16 W","","","","","","","","","","MIA (Miami Intl)","","","","","OBST CRANE (ASN UNKNOWN) 254830N0801109W (4.54NM E APCH END RWY 26L) 
 549FT (547FT AGL) FLAGGED AN","Temporary Obstruction","Temporary","","","2025-04-10","2026-08-08","","","CRANE","","547","","","","","","","","","","","NOTAM"
"07/398","","Active NOTAM","Obstruction","2025-11-13","","","2027-01-15","40 - 40 - 02.00 N","73 - 47 - 44.00 W","","","","","","","","","","JFK (John F Kennedy Intl)","","","","","OBST CRANE (ASN 2024-AEA-9387-OE) 404002N0734744W (1.8NM NNW JFK) 189FT (171FT AGL) FLAGGED AND LGTD","Temporary Obstruction","Temporary","","","2025-07-17","2027-01-15","","","CRANE","","171","","","","","","","","","","","NOTAM"
"07/521","","Active NOTAM","Obstruction","2025-11-13","","","2026-09-26","40 - 38 - 41.78 N","73 - 47 - 10.74 W","","","","","","","","","","JFK (John F Kennedy Intl)","","","","","OBST CRANE (ASN 2024-AEA-5543-NRA) 403842N0734711W (0.5NM NW JFK) 253FT (243FT AGL) FLAGGED AND LGTD","Temporary Obstruction","Temporary","","","2025-07-23","2026-09-26","","","CRANE","","243","","","","","","","","","","","NOTAM"
"07/522","","Active NOTAM","Obstruction","2025-11-13","","","2026-09-26","40 - 38 - 40.86 N","73 - 47 - 10.07 W","","","","","","","","","","JFK (John F Kennedy Intl)","","","","","OBST CRANE (ASN 2024-AEA-5544-NRA) 403841N0734710W (0.4NM NW JFK) 256FT (243FT AGL) FLAGGED AND LGTD","Temporary Obstruction","Temporary","","","2025-07-23","2026-09-26","","","CRANE","","243","","","","","","","","","","","NOTAM"
"07/523","","Active NOTAM","Obstruction","2025-11-13","","","2026-09-26","40 - 38 - 39.45 N","73 - 47 - 06.89 W","","","","","","","","","","JFK (John F Kennedy Intl)","","","","","OBST CRANE (ASN 2024-AEA-5545-NRA) 403839N0734707W (0.4NM NW JFK) 255FT (243FT AGL) FLAGGED AND LGTD","Temporary Obstruction","Temporary","","","2025-07-23","2026-09-26","","","CRANE","","243","","","","","","","","","","","NOTAM"
"07/524","","Active NOTAM","Obstruction","2025-11-13","","","2026-09-26","40 - 38 - 38.72 N","73 - 47 - 06.36 W","","","","","","","","","","JFK (John F Kennedy Intl)","","","","","OBST CRANE (ASN 2024-AEA-5546-NRA) 403839N0734706W (0.4NM NW JFK) 255FT (243FT AGL) FLAGGED AND LGTD","Temporary Obstruction","Temporary","","","2025-07-23","2026-09-26","","","CRANE","","243","","","","","","","","","","","NOTAM"
"07/525","","Active NOTAM","Obstruction","2025-11-13","","","2026-09-26","40 - 38 - 40.32 N","73 - 47 - 02.59 W","","","","","","","","","","JFK (John F Kennedy Intl)","","","","","OBST CRANE (ASN 2024-AEA-5547-NRA) 403840N0734703W (0.4NM NW JFK) 254FT (243FT AGL) FLAGGED AND LGTD","Temporary Obstruction","Temporary","","","2025-07-23","2026-09-26","","","CRANE","","243","","","","","","","","","","","NOTAM"
"07/526","","Active NOTAM","Obstruction","2025-11-13","","","2026-09-26","40 - 38 - 41.26 N","73 - 47 - 01.80 W","","","","","","","","","","JFK (John F Kennedy Intl)","","","","","OBST CRANE (ASN 2024-AEA-5548-NRA) 403841N0734702W (0.4NM NW JFK) 255FT (243FT AGL) FLAGGED AND LGTD","Temporary Obstruction","Temporary","","","2025-07-23","2026-09-26","","","CRANE","","243","","","","","","","","","","","NOTAM"
"07/527","","Active NOTAM","Obstruction","2025-11-13","","","2026-09-26","40 - 38 - 42.55 N","73 - 47 - 00.87 W","","","","","","","","","","JFK (John F Kennedy Intl)","","","","","OBST CRANE (ASN 2024-AEA-5549-NRA) 403843N0734701W (0.4NM NW JFK) 256FT (243FT AGL) FLAGGED AND LGTD","Temporary Obstruction","Temporary","","","2025-07-23","2026-09-26","","","CRANE","","243","","","","","","","","","","","NOTAM"
"07/528","","Active NOTAM","Obstruction","2025-11-13","","","2026-09-26","40 - 38 - 44.76 N","73 - 47 - 02.48 W","","","","","","","","","","JFK (John F Kennedy Intl)","","","","","OBST CRANE (ASN 2024-AEA-5550-NRA) 403845N0734702W (0.4NM NW JFK) 258FT (243FT AGL) FLAGGED AND LGTD","Temporary Obstruction","Temporary","","","2025-07-23","2026-09-26","","","CRANE","","243","","","","","","","","","","","NOTAM"
"07/529","","Active NOTAM","Obstruction","2025-11-13","","","2026-09-26","40 - 38 - 44.44 N","73 - 47 - 04.47 W","","","","","","","","","","JFK (John F Kennedy Intl)","","","","","OBST CRANE (ASN 2024-AEA-5551-NRA) 403844N0734704W (0.4NM NW JFK) 258FT (243FT AGL) FLAGGED AND LGTD","Temporary Obstruction","Temporary","","","2025-07-23","2026-09-26","","","CRANE","","243","","","","","","","","","","","NOTAM"
"05/325","","Active NOTAM","Obstruction","2025-11-13","","","2026-07-25","40 - 38 - 50.16 N","73 - 46 - 47.94 W","","","","","","","","","","JFK (John F Kennedy Intl)","","","","","OBST CRANE (ASN 2023-AEA-2064-NRA) 403850N0734648W (0.4NM N JFK) 243FT (230FT AGL) FLAGGED AND LGTD ","Temporary Obstruction","Temporary","","","2025-05-16","2026-07-25","","","CRANE","","230","","","","","","","","","","","NOTAM"
"05/326","","Active NOTAM","Obstruction","2025-11-13","","","2026-07-25","40 - 38 - 53.65 N","73 - 46 - 53.60 W","","","","","","","","","","JFK (John F Kennedy Intl)","","","","","OBST CRANE (ASN 2023-AEA-2065-NRA) 403854N0734654W (0.5NM NNW JFK) 258FT (250FT AGL) FLAGGED AND LGT","Temporary Obstruction","Temporary","","","2025-05-16","2026-07-25","","","CRANE","","250","","","","","","","","","","","NOTAM"
"05/327","","Active NOTAM","Obstruction","2025-11-13","","","2026-07-25","40 - 38 - 53.93 N","73 - 46 - 55.16 W","","","","","","","","","","JFK (John F Kennedy Intl)","","","","","OBST CRANE (ASN 2023-AEA-2066-NRA) 403854N0734655W (0.5NM NNW JFK) 256FT (250FT AGL) FLAGGED AND LGT","Temporary Obstruction","Temporary","","","2025-05-16","2026-07-25","","","CRANE","","250","","","","","","","","","","","NOTAM"
"05/328","","Active NOTAM","Obstruction","2025-11-13","","","2026-07-25","40 - 38 - 57.91 N","73 - 46 - 53.87 W","","","","","","","","","","JFK (John F Kennedy Intl)","","","","","OBST CRANE (ASN 2023-AEA-2067-NRA) 403858N0734654W (0.6NM NNW JFK) 262FT (250FT AGL) FLAGGED AND LGT","Temporary Obstruction","Temporary","","","2025-05-16","2026-07-25","","","CRANE","","250","","","","","","","","","","","NOTAM"
"05/329","","Active NOTAM","Obstruction","2025-11-13","","","2026-07-25","40 - 38 - 56.24 N","73 - 46 - 45.23 W","","","","","","","","","","JFK (John F Kennedy Intl)","","","","","OBST CRANE (ASN 2023-AEA-2068-NRA) 403856N0734645W (0.5NM N JFK) 261FT (250FT AGL) FLAGGED AND LGTD ","Temporary Obstruction","Temporary","","","2025-05-16","2026-07-25","","","CRANE","","250","","","","","","","","","","","NOTAM"
"05/330","","Active NOTAM","Obstruction","2025-11-13","","","2026-07-25","40 - 38 - 55.20 N","73 - 46 - 42.58 W","","","","","","","","","","JFK (John F Kennedy Intl)","","","","","OBST CRANE (ASN 2023-AEA-2069-NRA) 403855N0734643W (0.5NM NE JFK) 241FT (230FT AGL) FLAGGED AND LGTD","Temporary Obstruction","Temporary","","","2025-05-16","2026-07-25","","","CRANE","","230","","","","","","","","","","","NOTAM"
"05/331","","Active NOTAM","Obstruction","2025-11-13","","","2026-07-25","40 - 38 - 54.29 N","73 - 46 - 40.56 W","","","","","","","","","","JFK (John F Kennedy Intl)","","","","","OBST CRANE (ASN 2023-AEA-2070-NRA) 403854N0734641W (0.5NM NE JFK) 241FT (230FT AGL) FLAGGED AND LGTD","Temporary Obstruction","Temporary","","","2025-05-16","2026-07-25","","","CRANE","","230","","","","","","","","","","","NOTAM"
"05/332","","Active NOTAM","Obstruction","2025-11-13","","","2026-07-25","40 - 38 - 48.37 N","73 - 46 - 45.22 W","","","","","","","","","","JFK (John F Kennedy Intl)","","","","","OBST CRANE (ASN 2023-AEA-2071-NRA) 403848N0734645W (0.4NM N JFK) 244FT (230FT AGL) FLAGGED AND LGTD ","Temporary Obstruction","Temporary","","","2025-05-16","2026-07-25","","","CRANE","","230","","","","","","","","","","","NOTAM"
"10/076","","Active NOTAM","Obstruction","2025-11-13","","","2027-12-17","40 - 42 - 11.00 N","74 - 09 - 05.00 W","","","","","","","","","","EWR (Newark Liberty Intl)","","","","","OBST CRANE (ASN 2025-AEA-2348-OE) 404211N0740905W (1.0NM NE EWR) 126FT (117FT AGL) FLAGGED AND LGTD ","Temporary Obstruction","Temporary","","","2025-10-07","2027-12-17","","","CRANE","","117","","","","","","","","","","","NOTAM"
"09/210","","Active NOTAM","Obstruction","2025-11-13","","","2026-06-30","28 - 25 - 45.84 N","81 - 18 - 32.40 W","","","","","","","","","","MCO (Orlando Intl)","","","","","OBST CRANE (ASN 2024-ASO-8790-OE) 282654N0811553W (2.6NM ENE MCO) 265FT (150FT AGL) FLAGGED AND LGTD","Temporary Obstruction","Temporary","","","2025-10-06","2026-06-30","","","CRANE","","150","","","","","","","","","","","NOTAM"
"11/069","","Active NOTAM","Obstruction","2025-11-13","","","2027-04-30","42 - 22 - 08.39 N","71 - 01 - 12.49 W","","","","","","","","","","BOS (General Edward Lawrence Logan Intl)","","","","","OBST CRANE (ASN 2025-ANE-1558-NRA) 422208N0710112W (0.7NM WNW BOS) 183FT (170FT AGL) FLAGGED AND LGT","Temporary Obstruction","Temporary","","","2025-11-04","2027-04-30","","","CRANE","","170","","","","","","","","","","","NOTAM"
"05/063","","Active NOTAM","Obstruction","2025-11-13","","","2026-02-27","43 - 09 - 21.97 N","89 - 18 - 05.03 W","","","","","","","","","","MSN (Dane County Rgnl/Truax Fld)","","","","","OBST CRANE (ASN 2024-AGL-9457-OE) 430922N0891805W (1.9NM ENE MSN) 1085FT (180FT AGL) FLAGGED AND LGT","Temporary Obstruction","Temporary","","","2025-05-14","2026-02-27","","","CRANE","","180","","","","","","","","","","","NOTAM"
"01/139","","Active NOTAM","Obstruction","2025-11-13","","","2026-03-31","27 - 56 - 37.00 N","82 - 32 - 06.00 W","","","","","","","","","","TPA (Tampa Intl)","","","","","OBST CRANE (ASN 2024-ASO-12909-OE) 275637N0823206W (1.9NM S TPA) 158FT (150FT AGL) FLAGGED AND LGTD ","Temporary Obstruction","Temporary","","","2025-01-24","2026-03-31","","","CRANE","","150","","","","","","","","","","","NOTAM"
"02/109","","Active NOTAM","Obstruction","2025-11-13","","","2026-02-01","45 - 35 - 54.75 N","122 - 36 - 54.94 W","","","","","","","","","","PDX (Portland Intl)","","","","","OBST CRANE (ASN 2024-ANM-1289-NRA) 453555N1223655W (1.0NM NW PDX) 179FT (150FT AGL) FLAGGED AND LGTD","Temporary Obstruction","Temporary","","","2025-02-25","2026-02-01","","","CRANE","","150","","","","","","","","","","","NOTAM"
"10/538","","Active NOTAM","Obstruction","2025-11-13","","","2025-12-31","38 - 44 - 58.33 N","90 - 20 - 40.59 W","","","","","","","","","","STL (St Louis Lambert Intl)","","","","","OBST CRANE (ASN 2023-ACE-4457-NRA) 384458N0902041W (1.2NM E STL) 836FT (250FT AGL) FLAGGED AND LGTD ","Temporary Obstruction","Temporary","","","2025-10-31","2025-12-31","","","CRANE","","250","","","","","","","","","","","NOTAM"
"08/055","","Active NOTAM","Obstruction","2025-11-13","","","2026-08-26","30 - 11 - 40.20 N","97 - 40 - 11.64 W","","","","","","","","","","AUS (Austin-Bergstrom Intl)","","","","","OBST CRANE (ASN UNKNOWN) 301047N0973950W (0.92NM SE AUS) 
 705FT (200FT AGL) FLAGGED AND LGTD 25081","Temporary Obstruction","Temporary","","","2025-08-15","2026-08-26","","","CRANE","","200","","","","","","","","","","","NOTAM"
"08/086","","Active NOTAM","Obstruction","2025-11-13","","","2026-06-13","30 - 11 - 40.20 N","97 - 40 - 11.64 W","","","","","","","","","","AUS (Austin-Bergstrom Intl)","","","","","OBST CRANE (ASN UNKNOWN) 301111N0973926W (1.22NM E AUS) 
 542FT (82FT AGL) FLAGGED AND LGTD 2508212","Temporary Obstruction","Temporary","","","2025-08-21","2026-06-13","","","CRANE","","82","","","","","","","","","","","NOTAM"
"05/142","","Active NOTAM","Obstruction","2025-11-13","","","2025-11-30","30 - 11 - 40.20 N","97 - 40 - 11.64 W","","","","","","","","","","AUS (Austin-Bergstrom Intl)","","","","","OBST CRANE (ASN UNKNOWN) 301137N0973958W (.17NM SE AUS) 
 789FT (150FT AGL) FLAGGED AND LGTD 250521","Temporary Obstruction","Temporary","","","2025-05-21","2025-11-30","","","CRANE","","150","","","","","","","","","","","NOTAM"
"10/427","","Active NOTAM","Obstruction","2025-11-13","","","2026-02-01","36 - 07 - 48.00 N","86 - 40 - 10.31 W","","","","","","","","","","BNA (Nashville Intl)","","","","","OBST CRANE (ASN 2025-ASO-6776-NRA) 360748N0864010W (0.5NM NE BNA) 755FT (200FT AGL) FLAGGED AND LGTD","Temporary Obstruction","Temporary","","","2025-10-24","2026-02-01","","","CRANE","","200","","","","","","","","","","","NOTAM"
"10/399","","Active NOTAM","Obstruction","2025-11-13","","","2025-11-15","37 - 43 - 09.03 N","122 - 14 - 36.54 W","","","","","","","","","","OAK (Oakland San Francisco Bay)","","","","","OBST CRANE (ASN 2024-AWP-4801-NRA) 374309N1221437W (1.1NM W OAK) 100FT (99FT AGL) FLAGGED AND LGTD 2","Temporary Obstruction","Temporary","","","2025-11-04","2025-11-15","","","CRANE","","99","","","","","","","","","","","NOTAM"
"10/400","","Active NOTAM","Obstruction","2025-11-13","","","2025-11-15","37 - 43 - 09.36 N","122 - 14 - 37.52 W","","","","","","","","","","OAK (Oakland San Francisco Bay)","","","","","OBST CRANE (ASN 2025-AWP-1618-NRA) 374309N1221438W (1.1NM W OAK) 95FT (90FT AGL) FLAGGED AND LGTD 25","Temporary Obstruction","Temporary","","","2025-11-04","2025-11-15","","","CRANE","","90","","","","","","","","","","","NOTAM"
